0,0
1,0
0,1
-1,0
0,-1
1,1
-1,-1
-1,1
1,-1
2,0
0,2
-2,0
0,-2
2,1
1,2
-2,1
1,-2
2,-1
-1,2
-2,-1
-1,-2
2,2
-2,-2
-2,2
2,-2
3,0
0,3
-3,0
0,-3
3,1
1,3
-3,1
1,-3
3,-1
-1,3
-3,-1
-1,-3
3,2
2,3
-3,2
2,-3
3,-2
-2,3
-3,-2
-2,-3
3,3
-3,-3
-3,3
3,-3
4,0
0,4
-4,0
0,-4
4,1
1,4
-4,1
1,-4
4,-1
-1,4
-4,-1
-1,-4
4,2
2,4
-4,2
2,-4
4,-2
-2,4
-4,-2
-2,-4
4,3
3,4
-4,3
3,-4
4,-3
-3,4
-4,-3
-3,-4
4,4
-4,-4
-4,4
4,-4
5,0
0,5
-5,0
0,-5
5,1
1,5
-5,1
1,-5
5,-1
-1,5
-5,-1
-1,-5
5,2
2,5
-5,2
2,-5
5,-2
-2,5
-5,-2
-2,-5
5,3
3,5
-5,3
3,-5
5,-3
-3,5
-5,-3
-3,-5
5,4
4,5
-5,4
4,-5
5,-4
-4,5
-5,-4
-4,-5
5,5
-5,-5
-5,5
5,-5
6,0
0,6
-6,0
0,-6
6,1
1,6
-6,1
1,-6
6,-1
-1,6
-6,-1
-1,-6
6,2
2,6
-6,2
2,-6
6,-2
-2,6
-6,-2
-2,-6
6,3
3,6
-6,3
3,-6
6,-3
-3,6
-6,-3
-3,-6
6,4
4,6
-6,4
4,-6
6,-4
-4,6
-6,-4
-4,-6
6,5
5,6
-6,5
5,-6
6,-5
-5,6
-6,-5
-5,-6
6,6
-6,-6
-6,6
6,-6
7,0
0,7
-7,0
0,-7
7,1
1,7
-7,1
1,-7
7,-1
-1,7
-7,-1
-1,-7
7,2
2,7
-7,2
2,-7
7,-2
-2,7
-7,-2
-2,-7
7,3
3,7
-7,3
3,-7
7,-3
-3,7
-7,-3
-3,-7
7,4
4,7
-7,4
4,-7
7,-4
-4,7
-7,-4
-4,-7
7,5
5,7
-7,5
5,-7
7,-5
-5,7
-7,-5
-5,-7
7,6
6,7
-7,6
6,-7
7,-6
-6,7
-7,-6
-6,-7
7,7
-7,-7
-7,7
7,-7
8,0
0,8
-8,0
0,-8
8,1
1,8
-8,1
1,-8
8,-1
-1,8
-8,-1
-1,-8
8,2
2,8
-8,2
2,-8
8,-2
-2,8
-8,-2
-2,-8
8,3
3,8
-8,3
3,-8
8,-3
-3,8
-8,-3
-3,-8
8,4
4,8
-8,4
4,-8
8,-4
-4,8
-8,-4
-4,-8
8,5
5,8
-8,5
5,-8
8,-5
-5,8
-8,-5
-5,-8
8,6
6,8
-8,6
6,-8
8,-6
-6,8
-8,-6
-6,-8
8,7
7,8
-8,7
7,-8
8,-7
-7,8
-8,-7
-7,-8
8,8
-8,-8
-8,8
8,-8
9,0
0,9
-9,0
0,-9
9,1
1,9
-9,1
1,-9
9,-1
-1,9
-9,-1
-1,-9
9,2
2,9
-9,2
2,-9
9,-2
-2,9
-9,-2
-2,-9
9,3
3,9
-9,3
3,-9
9,-3
-3,9
-9,-3
-3,-9
9,4
4,9
-9,4
4,-9
9,-4
-4,9
-9,-4
-4,-9
9,5
5,9
-9,5
5,-9
9,-5
-5,9
-9,-5
-5,-9
9,6
6,9
-9,6
6,-9
9,-6
-6,9
-9,-6
-6,-9
9,7
7,9
-9,7
7,-9
9,-7
-7,9
-9,-7
-7,-9
9,8
8,9
-9,8
8,-9
9,-8
-8,9
-9,-8
-8,-9
9,9
-9,-9
-9,9
9,-9
10,0
0,10
-10,0
0,-10
10,1
1,10
-10,1
1,-10
10,-1
-1,10
-10,-1
-1,-10
10,2
2,10
-10,2
2,-10
10,-2
-2,10
-10,-2
-2,-10
10,3
3,10
-10,3
3,-10
10,-3
-3,10
-10,-3
-3,-10
10,4
4,10
-10,4
4,-10
10,-4
-4,10
-10,-4
-4,-10
10,5
5,10
-10,5
5,-10
10,-5
-5,10
-10,-5
-5,-10
10,6
6,10
-10,6
6,-10
10,-6
-6,10
-10,-6
-6,-10
10,7
7,10
-10,7
7,-10
10,-7
-7,10
-10,-7
-7,-10
10,8
8,10
-10,8
8,-10
10,-8
-8,10
-10,-8
-8,-10
10,9
9,10
-10,9
9,-10
10,-9
-9,10
-10,-9
-9,-10
10,10
-10,-10
-10,10
10,-10
11,0
0,11
-11,0
0,-11
11,1
1,11
-11,1
1,-11
11,-1
-1,11
-11,-1
-1,-11
11,2
2,11
-11,2
2,-11
11,-2
-2,11
-11,-2
-2,-11
11,3
3,11
-11,3
3,-11
11,-3
-3,11
-11,-3
-3,-11
11,4
4,11
-11,4
4,-11
11,-4
-4,11
-11,-4
-4,-11
11,5
5,11
-11,5
5,-11
11,-5
-5,11
-11,-5
-5,-11
11,6
6,11
-11,6
6,-11
11,-6
-6,11
-11,-6
-6,-11
11,7
7,11
-11,7
7,-11
11,-7
-7,11
-11,-7
-7,-11
11,8
8,11
-11,8
8,-11
11,-8
-8,11
-11,-8
-8,-11
11,9
9,11
-11,9
9,-11
11,-9
-9,11
-11,-9
-9,-11
11,10
10,11
-11,10
10,-11
11,-10
-10,11
-11,-10
-10,-11
11,11
-11,-11
-11,11
11,-11
12,0
0,12
-12,0
0,-12
12,1
1,12
-12,1
1,-12
12,-1
-1,12
-12,-1
-1,-12
12,2
2,12
-12,2
2,-12
12,-2
-2,12
-12,-2
-2,-12
12,3
3,12
-12,3
3,-12
12,-3
-3,12
-12,-3
-3,-12
12,4
4,12
-12,4
4,-12
12,-4
-4,12
-12,-4
-4,-12
12,5
5,12
-12,5
5,-12
12,-5
-5,12
-12,-5
-5,-12
12,6
6,12
-12,6
6,-12
12,-6
-6,12
-12,-6
-6,-12
12,7
7,12
-12,7
7,-12
12,-7
-7,12
-12,-7
-7,-12
12,8
8,12
-12,8
8,-12
12,-8
-8,12
-12,-8
-8,-12
12,9
9,12
-12,9
9,-12
12,-9
-9,12
-12,-9
-9,-12
12,10
10,12
-12,10
10,-12
12,-10
-10,12
-12,-10
-10,-12
12,11
11,12
-12,11
11,-12
12,-11
-11,12
-12,-11
-11,-12
12,12
-12,-12
-12,12
12,-12
13,0
0,13
-13,0
0,-13
13,1
1,13
-13,1
1,-13
13,-1
-1,13
-13,-1
-1,-13
13,2
2,13
-13,2
2,-13
13,-2
-2,13
-13,-2
-2,-13
13,3
3,13
-13,3
3,-13
13,-3
-3,13
-13,-3
-3,-13
13,4
4,13
-13,4
4,-13
13,-4
-4,13
-13,-4
-4,-13
13,5
5,13
-13,5
5,-13
13,-5
-5,13
-13,-5
-5,-13
13,6
6,13
-13,6
6,-13
13,-6
-6,13
-13,-6
-6,-13
13,7
7,13
-13,7
7,-13
13,-7
-7,13
-13,-7
-7,-13
13,8
8,13
-13,8
8,-13
13,-8
-8,13
-13,-8
-8,-13
13,9
9,13
-13,9
9,-13
13,-9
-9,13
-13,-9
-9,-13
13,10
10,13
-13,10
10,-13
13,-10
-10,13
-13,-10
-10,-13
13,11
11,13
-13,11
11,-13
13,-11
-11,13
-13,-11
-11,-13
13,12
12,13
-13,12
12,-13
13,-12
-12,13
-13,-12
-12,-13
13,13
-13,-13
-13,13
13,-13
14,0
0,14
-14,0
0,-14
14,1
1,14
-14,1
1,-14
14,-1
-1,14
-14,-1
-1,-14
14,2
2,14
-14,2
2,-14
14,-2
-2,14
-14,-2
-2,-14
14,3
3,14
-14,3
3,-14
14,-3
-3,14
-14,-3
-3,-14
14,4
4,14
-14,4
4,-14
14,-4
-4,14
-14,-4
-4,-14
14,5
5,14
-14,5
5,-14
14,-5
-5,14
-14,-5
-5,-14
14,6
6,14
-14,6
6,-14
14,-6
-6,14
-14,-6
-6,-14
14,7
7,14
-14,7
7,-14
14,-7
-7,14
-14,-7
-7,-14
14,8
8,14
-14,8
8,-14
14,-8
-8,14
-14,-8
-8,-14
14,9
9,14
-14,9
9,-14
14,-9
-9,14
-14,-9
-9,-14
14,10
10,14
-14,10
10,-14
14,-10
-10,14
-14,-10
-10,-14
14,11
11,14
-14,11
11,-14
14,-11
-11,14
-14,-11
-11,-14
14,12
12,14
-14,12
12,-14
14,-12
-12,14
-14,-12
-12,-14
14,13
13,14
-14,13
13,-14
14,-13
-13,14
-14,-13
-13,-14
14,14
-14,-14
-14,14
14,-14
15,0
0,15
-15,0
0,-15
15,1
1,15
-15,1
1,-15
15,-1
-1,15
-15,-1
-1,-15
15,2
2,15
-15,2
2,-15
15,-2
-2,15
-15,-2
-2,-15
15,3
3,15
-15,3
3,-15
15,-3
-3,15
-15,-3
-3,-15
15,4
4,15
-15,4
4,-15
15,-4
-4,15
-15,-4
-4,-15
15,5
5,15
-15,5
5,-15
15,-5
-5,15
-15,-5
-5,-15
15,6
6,15
-15,6
6,-15
15,-6
-6,15
-15,-6
-6,-15
15,7
7,15
-15,7
7,-15
15,-7
-7,15
-15,-7
-7,-15
15,8
8,15
-15,8
8,-15
15,-8
-8,15
-15,-8
-8,-15
15,9
9,15
-15,9
9,-15
15,-9
-9,15
-15,-9
-9,-15
15,10
10,15
-15,10
10,-15
15,-10
-10,15
-15,-10
-10,-15
15,11
11,15
-15,11
11,-15
15,-11
-11,15
-15,-11
-11,-15
15,12
12,15
-15,12
12,-15
15,-12
-12,15
-15,-12
-12,-15
15,13
13,15
-15,13
13,-15
15,-13
-13,15
-15,-13
-13,-15
15,14
14,15
-15,14
14,-15
15,-14
-14,15
-15,-14
-14,-15
15,15
-15,-15
-15,15
15,-15
16,0
0,16
-16,0
0,-16
16,1
1,16
-16,1
1,-16
16,-1
-1,16
-16,-1
-1,-16
16,2
2,16
-16,2
2,-16
16,-2
-2,16
-16,-2
-2,-16
16,3
3,16
-16,3
3,-16
16,-3
-3,16
-16,-3
-3,-16
16,4
4,16
-16,4
4,-16
16,-4
-4,16
-16,-4
-4,-16
16,5
5,16
-16,5
5,-16
16,-5
-5,16
-16,-5
-5,-16
16,6
6,16
-16,6
6,-16
16,-6
-6,16
-16,-6
-6,-16
16,7
7,16
-16,7
7,-16
16,-7
-7,16
-16,-7
-7,-16
16,8
8,16
-16,8
8,-16
16,-8
-8,16
-16,-8
-8,-16
16,9
9,16
-16,9
9,-16
16,-9
-9,16
-16,-9
-9,-16
16,10
10,16
-16,10
10,-16
16,-10
-10,16
-16,-10
-10,-16
16,11
11,16
-16,11
11,-16
16,-11
-11,16
-16,-11
-11,-16
16,12
12,16
-16,12
12,-16
16,-12
-12,16
-16,-12
-12,-16
16,13
13,16
-16,13
13,-16
16,-13
-13,16
-16,-13
-13,-16
16,14
14,16
-16,14
14,-16
16,-14
-14,16
-16,-14
-14,-16
16,15
15,16
-16,15
15,-16
16,-15
-15,16
-16,-15
-15,-16
16,16
-16,-16
-16,16
16,-16
17,0
0,17
-17,0
0,-17
17,1
1,17
-17,1
1,-17
17,-1
-1,17
-17,-1
-1,-17
17,2
2,17
-17,2
2,-17
17,-2
-2,17
-17,-2
-2,-17
17,3
3,17
-17,3
3,-17
17,-3
-3,17
-17,-3
-3,-17
17,4
4,17
-17,4
4,-17
17,-4
-4,17
-17,-4
-4,-17
17,5
5,17
-17,5
5,-17
17,-5
-5,17
-17,-5
-5,-17
17,6
6,17
-17,6
6,-17
17,-6
-6,17
-17,-6
-6,-17
17,7
7,17
-17,7
7,-17
17,-7
-7,17
-17,-7
-7,-17
17,8
8,17
-17,8
8,-17
17,-8
-8,17
-17,-8
-8,-17
17,9
9,17
-17,9
9,-17
17,-9
-9,17
-17,-9
-9,-17
17,10
10,17
-17,10
10,-17
17,-10
-10,17
-17,-10
-10,-17
17,11
11,17
-17,11
11,-17
17,-11
-11,17
-17,-11
-11,-17
17,12
12,17
-17,12
12,-17
17,-12
-12,17
-17,-12
-12,-17
17,13
13,17
-17,13
13,-17
17,-13
-13,17
-17,-13
-13,-17
17,14
14,17
-17,14
14,-17
17,-14
-14,17
-17,-14
-14,-17
17,15
15,17
-17,15
15,-17
17,-15
-15,17
-17,-15
-15,-17
17,16
16,17
-17,16
16,-17
17,-16
-16,17
-17,-16
-16,-17
17,17
-17,-17
-17,17
17,-17
18,0
0,18
-18,0
0,-18
18,1
1,18
-18,1
1,-18
18,-1
-1,18
-18,-1
-1,-18
18,2
2,18
-18,2
2,-18
18,-2
-2,18
-18,-2
-2,-18
18,3
3,18
-18,3
3,-18
18,-3
-3,18
-18,-3
-3,-18
18,4
4,18
-18,4
4,-18
18,-4
-4,18
-18,-4
-4,-18
18,5
5,18
-18,5
5,-18
18,-5
-5,18
-18,-5
-5,-18
18,6
6,18
-18,6
6,-18
18,-6
-6,18
-18,-6
-6,-18
18,7
7,18
-18,7
7,-18
18,-7
-7,18
-18,-7
-7,-18
18,8
8,18
-18,8
8,-18
18,-8
-8,18
-18,-8
-8,-18
18,9
9,18
-18,9
9,-18
18,-9
-9,18
-18,-9
-9,-18
18,10
10,18
-18,10
10,-18
18,-10
-10,18
-18,-10
-10,-18
18,11
11,18
-18,11
11,-18
18,-11
-11,18
-18,-11
-11,-18
18,12
12,18
-18,12
12,-18
18,-12
-12,18
-18,-12
-12,-18
18,13
13,18
-18,13
13,-18
18,-13
-13,18
-18,-13
-13,-18
18,14
14,18
-18,14
14,-18
18,-14
-14,18
-18,-14
-14,-18
18,15
15,18
-18,15
15,-18
18,-15
-15,18
-18,-15
-15,-18
18,16
16,18
-18,16
16,-18
18,-16
-16,18
-18,-16
-16,-18
18,17
17,18
-18,17
17,-18
18,-17
-17,18
-18,-17
-17,-18
18,18
-18,-18
-18,18
18,-18
19,0
0,19
-19,0
0,-19
19,1
1,19
-19,1
1,-19
19,-1
-1,19
-19,-1
-1,-19
19,2
2,19
-19,2
2,-19
19,-2
-2,19
-19,-2
-2,-19
19,3
3,19
-19,3
3,-19
19,-3
-3,19
-19,-3
-3,-19
19,4
4,19
-19,4
4,-19
19,-4
-4,19
-19,-4
-4,-19
19,5
5,19
-19,5
5,-19
19,-5
-5,19
-19,-5
-5,-19
19,6
6,19
-19,6
6,-19
19,-6
-6,19
-19,-6
-6,-19
19,7
7,19
-19,7
7,-19
19,-7
-7,19
-19,-7
-7,-19
19,8
8,19
-19,8
8,-19
19,-8
-8,19
-19,-8
-8,-19
19,9
9,19
-19,9
9,-19
19,-9
-9,19
-19,-9
-9,-19
19,10
10,19
-19,10
10,-19
19,-10
-10,19
-19,-10
-10,-19
19,11
11,19
-19,11
11,-19
19,-11
-11,19
-19,-11
-11,-19
19,12
12,19
-19,12
12,-19
19,-12
-12,19
-19,-12
-12,-19
19,13
13,19
-19,13
13,-19
19,-13
-13,19
-19,-13
-13,-19
19,14
14,19
-19,14
14,-19
19,-14
-14,19
-19,-14
-14,-19
19,15
15,19
-19,15
15,-19
19,-15
-15,19
-19,-15
-15,-19
19,16
16,19
-19,16
16,-19
19,-16
-16,19
-19,-16
-16,-19
19,17
17,19
-19,17
17,-19
19,-17
-17,19
-19,-17
-17,-19
19,18
18,19
-19,18
18,-19
19,-18
-18,19
-19,-18
-18,-19
19,19
-19,-19
-19,19
19,-19
20,0
0,20
-20,0
0,-20
20,1
1,20
-20,1
1,-20
20,-1
-1,20
-20,-1
-1,-20
20,2
2,20
-20,2
2,-20
20,-2
-2,20
-20,-2
-2,-20
20,3
3,20
-20,3
3,-20
20,-3
-3,20
-20,-3
-3,-20
20,4
4,20
-20,4
4,-20
20,-4
-4,20
-20,-4
-4,-20
20,5
5,20
-20,5
5,-20
20,-5
-5,20
-20,-5
-5,-20
20,6
6,20
-20,6
6,-20
20,-6
-6,20
-20,-6
-6,-20
20,7
7,20
-20,7
7,-20
20,-7
-7,20
-20,-7
-7,-20
20,8
8,20
-20,8
8,-20
20,-8
-8,20
-20,-8
-8,-20
20,9
9,20
-20,9
9,-20
20,-9
-9,20
-20,-9
-9,-20
20,10
10,20
-20,10
10,-20
20,-10
-10,20
-20,-10
-10,-20
20,11
11,20
-20,11
11,-20
20,-11
-11,20
-20,-11
-11,-20
20,12
12,20
-20,12
12,-20
20,-12
-12,20
-20,-12
-12,-20
20,13
13,20
-20,13
13,-20
20,-13
-13,20
-20,-13
-13,-20
20,14
14,20
-20,14
14,-20
20,-14
-14,20
-20,-14
-14,-20
20,15
15,20
-20,15
15,-20
20,-15
-15,20
-20,-15
-15,-20
20,16
16,20
-20,16
16,-20
20,-16
-16,20
-20,-16
-16,-20
20,17
17,20
-20,17
17,-20
20,-17
-17,20
-20,-17
-17,-20
20,18
18,20
-20,18
18,-20
20,-18
-18,20
-20,-18
-18,-20
20,19
19,20
-20,19
19,-20
20,-19
-19,20
-20,-19
-19,-20
20,20
-20,-20
-20,20
20,-20
21,0
0,21
-21,0
0,-21
21,1
1,21
-21,1
1,-21
21,-1
-1,21
-21,-1
-1,-21
21,2
2,21
-21,2
2,-21
21,-2
-2,21
-21,-2
-2,-21
21,3
3,21
-21,3
3,-21
21,-3
-3,21
-21,-3
-3,-21
21,4
4,21
-21,4
4,-21
21,-4
-4,21
-21,-4
-4,-21
21,5
5,21
-21,5
5,-21
21,-5
-5,21
-21,-5
-5,-21
21,6
6,21
-21,6
6,-21
21,-6
-6,21
-21,-6
-6,-21
21,7
7,21
-21,7
7,-21
21,-7
-7,21
-21,-7
-7,-21
21,8
8,21
-21,8
8,-21
21,-8
-8,21
-21,-8
-8,-21
21,9
9,21
-21,9
9,-21
21,-9
-9,21
-21,-9
-9,-21
21,10
10,21
-21,10
10,-21
21,-10
-10,21
-21,-10
-10,-21
21,11
11,21
-21,11
11,-21
21,-11
-11,21
-21,-11
-11,-21
21,12
12,21
-21,12
12,-21
21,-12
-12,21
-21,-12
-12,-21
21,13
13,21
-21,13
13,-21
21,-13
-13,21
-21,-13
-13,-21
21,14
14,21
-21,14
14,-21
21,-14
-14,21
-21,-14
-14,-21
21,15
15,21
-21,15
15,-21
21,-15
-15,21
-21,-15
-15,-21
21,16
16,21
-21,16
16,-21
21,-16
-16,21
-21,-16
-16,-21
21,17
17,21
-21,17
17,-21
21,-17
-17,21
-21,-17
-17,-21
21,18
18,21
-21,18
18,-21
21,-18
-18,21
-21,-18
-18,-21
21,19
19,21
-21,19
19,-21
21,-19
-19,21
-21,-19
-19,-21
22,0
0,22
-22,0
0,-22
22,1
1,22
-22,1
1,-22
22,-1
-1,22
-22,-1
-1,-22
22,2
2,22
-22,2
2,-22
22,-2
-2,22
-22,-2
-2,-22
22,3
3,22
-22,3
3,-22
22,-3
-3,22
-22,-3
-3,-22
22,4
4,22
-22,4
4,-22
22,-4
-4,22
-22,-4
-4,-22
22,5
5,22
-22,5
5,-22
22,-5
-5,22
-22,-5
-5,-22
22,6
6,22
-22,6
6,-22
22,-6
-6,22
-22,-6
-6,-22
22,7
7,22
-22,7
7,-22
22,-7
-7,22
-22,-7
-7,-22
22,8
8,22
-22,8
8,-22
22,-8
-8,22
-22,-8
-8,-22
22,9
9,22
-22,9
9,-22
22,-9
-9,22
-22,-9
-9,-22
22,10
10,22
-22,10
10,-22
22,-10
-10,22
-22,-10
-10,-22
22,11
11,22
-22,11
11,-22
22,-11
-11,22
-22,-11
-11,-22
22,12
12,22
-22,12
12,-22
22,-12
-12,22
-22,-12
-12,-22
22,13
13,22
-22,13
13,-22
22,-13
-13,22
-22,-13
-13,-22
22,14
14,22
-22,14
14,-22
22,-14
-14,22
-22,-14
-14,-22
22,15
15,22
-22,15
15,-22
22,-15
-15,22
-22,-15
-15,-22
22,16
16,22
-22,16
16,-22
22,-16
-16,22
-22,-16
-16,-22
22,17
17,22
-22,17
17,-22
22,-17
-17,22
-22,-17
-17,-22
23,0
0,23
-23,0
0,-23
23,1
1,23
-23,1
1,-23
23,-1
-1,23
-23,-1
-1,-23
23,2
2,23
-23,2
2,-23
23,-2
-2,23
-23,-2
-2,-23
23,3
3,23
-23,3
3,-23
23,-3
-3,23
-23,-3
-3,-23
23,4
4,23
-23,4
4,-23
23,-4
-4,23
-23,-4
-4,-23
23,5
5,23
-23,5
5,-23
23,-5
-5,23
-23,-5
-5,-23
23,6
6,23
-23,6
6,-23
23,-6
-6,23
-23,-6
-6,-23
23,7
7,23
-23,7
7,-23
23,-7
-7,23
-23,-7
-7,-23
23,8
8,23
-23,8
8,-23
23,-8
-8,23
-23,-8
-8,-23
23,9
9,23
-23,9
9,-23
23,-9
-9,23
-23,-9
-9,-23
23,10
10,23
-23,10
10,-23
23,-10
-10,23
-23,-10
-10,-23
23,11
11,23
-23,11
11,-23
23,-11
-11,23
-23,-11
-11,-23
23,12
12,23
-23,12
12,-23
23,-12
-12,23
-23,-12
-12,-23
23,13
13,23
-23,13
13,-23
23,-13
-13,23
-23,-13
-13,-23
23,14
14,23
-23,14
14,-23
23,-14
-14,23
-23,-14
-14,-23
23,15
15,23
-23,15
15,-23
23,-15
-15,23
-23,-15
-15,-23
23,16
16,23
-23,16
16,-23
23,-16
-16,23
-23,-16
-16,-23
24,0
0,24
-24,0
0,-24
24,1
1,24
-24,1
1,-24
24,-1
-1,24
-24,-1
-1,-24
24,2
2,24
-24,2
2,-24
24,-2
-2,24
-24,-2
-2,-24
24,3
3,24
-24,3
3,-24
24,-3
-3,24
-24,-3
-3,-24
24,4
4,24
-24,4
4,-24
24,-4
-4,24
-24,-4
-4,-24
24,5
5,24
-24,5
5,-24
24,-5
-5,24
-24,-5
-5,-24
24,6
6,24
-24,6
6,-24
24,-6
-6,24
-24,-6
-6,-24
24,7
7,24
-24,7
7,-24
24,-7
-7,24
-24,-7
-7,-24
24,8
8,24
-24,8
8,-24
24,-8
-8,24
-24,-8
-8,-24
24,9
9,24
-24,9
9,-24
24,-9
-9,24
-24,-9
-9,-24
24,10
10,24
-24,10
10,-24
24,-10
-10,24
-24,-10
-10,-24
24,11
11,24
-24,11
11,-24
24,-11
-11,24
-24,-11
-11,-24
24,12
12,24
-24,12
12,-24
24,-12
-12,24
-24,-12
-12,-24
24,13
13,24
-24,13
13,-24
24,-13
-13,24
-24,-13
-13,-24
24,14
14,24
-24,14
14,-24
24,-14
-14,24
-24,-14
-14,-24
24,15
15,24
-24,15
15,-24
24,-15
-15,24
-24,-15
-15,-24
25,0
0,25
-25,0
0,-25
25,1
1,25
-25,1
1,-25
25,-1
-1,25
-25,-1
-1,-25
25,2
2,25
-25,2
2,-25
25,-2
-2,25
-25,-2
-2,-25
25,3
3,25
-25,3
3,-25
25,-3
-3,25
-25,-3
-3,-25
25,4
4,25
-25,4
4,-25
25,-4
-4,25
-25,-4
-4,-25
25,5
5,25
-25,5
5,-25
25,-5
-5,25
-25,-5
-5,-25
25,6
6,25
-25,6
6,-25
25,-6
-6,25
-25,-6
-6,-25
25,7
7,25
-25,7
7,-25
25,-7
-7,25
-25,-7
-7,-25
25,8
8,25
-25,8
8,-25
25,-8
-8,25
-25,-8
-8,-25
25,9
9,25
-25,9
9,-25
25,-9
-9,25
-25,-9
-9,-25
25,10
10,25
-25,10
10,-25
25,-10
-10,25
-25,-10
-10,-25
25,11
11,25
-25,11
11,-25
25,-11
-11,25
-25,-11
-11,-25
25,12
12,25
-25,12
12,-25
25,-12
-12,25
-25,-12
-12,-25
25,13
13,25
-25,13
13,-25
25,-13
-13,25
-25,-13
-13,-25
26,0
0,26
-26,0
0,-26
26,1
1,26
-26,1
1,-26
26,-1
-1,26
-26,-1
-1,-26
26,2
2,26
-26,2
2,-26
26,-2
-2,26
-26,-2
-2,-26
26,3
3,26
-26,3
3,-26
26,-3
-3,26
-26,-3
-3,-26
26,4
4,26
-26,4
4,-26
26,-4
-4,26
-26,-4
-4,-26
26,5
5,26
-26,5
5,-26
26,-5
-5,26
-26,-5
-5,-26
26,6
6,26
-26,6
6,-26
26,-6
-6,26
-26,-6
-6,-26
26,7
7,26
-26,7
7,-26
26,-7
-7,26
-26,-7
-7,-26
26,8
8,26
-26,8
8,-26
26,-8
-8,26
-26,-8
-8,-26
26,9
9,26
-26,9
9,-26
26,-9
-9,26
-26,-9
-9,-26
26,10
10,26
-26,10
10,-26
26,-10
-10,26
-26,-10
-10,-26
26,11
11,26
-26,11
11,-26
26,-11
-11,26
-26,-11
-11,-26
27,0
0,27
-27,0
0,-27
27,1
1,27
-27,1
1,-27
27,-1
-1,27
-27,-1
-1,-27
27,2
2,27
-27,2
2,-27
27,-2
-2,27
-27,-2
-2,-27
27,3
3,27
-27,3
3,-27
27,-3
-3,27
-27,-3
-3,-27
27,4
4,27
-27,4
4,-27
27,-4
-4,27
-27,-4
-4,-27
27,5
5,27
-27,5
5,-27
27,-5
-5,27
-27,-5
-5,-27
27,6
6,27
-27,6
6,-27
27,-6
-6,27
-27,-6
-6,-27
27,7
7,27
-27,7
7,-27
27,-7
-7,27
-27,-7
-7,-27
27,8
8,27
-27,8
8,-27
27,-8
-8,27
-27,-8
-8,-27
27,9
9,27
-27,9
9,-27
27,-9
-9,27
-27,-9
-9,-27
28,0
0,28
-28,0
0,-28
28,1
1,28
-28,1
1,-28
28,-1
-1,28
-28,-1
-1,-28
28,2
2,28
-28,2
2,-28
28,-2
-2,28
-28,-2
-2,-28
28,3
3,28
-28,3
3,-28
28,-3
-3,28
-28,-3
-3,-28
28,4
4,28
-28,4
4,-28
28,-4
-4,28
-28,-4
-4,-28
28,5
5,28
-28,5
5,-28
28,-5
-5,28
-28,-5
-5,-28
45
-15.45,18.54
-18.54,-15.45
-15.45,-18.54
18.54,16.48
16.48,18.54
-18.54,16.48
16.48,-18.54
18.54,-16.48
-16.48,18.54
-18.54,-16.48
-16.48,-18.54
18.54,17.51
17.51,18.54
-18.54,17.51
17.51,-18.54
18.54,-17.51
-17.51,18.54
-18.54,-17.51
-17.51,-18.54
18.54,18.54
-18.54,-18.54
-18.54,18.54
18.54,-18.54
19.57,0
0,19.57
-19.57,0
0,-19.57
19.57,1.03
1.03,19.57
-19.57,1.03
1.03,-19.57
19.57,-1.03
-1.03,19.57
-19.57,-1.03
-1.03,-19.57
19.57,2.06
2.06,19.57
-19.57,2.06
2.06,-19.57
19.57,-2.06
-2.06,19.57
-19.57,-2.06
-2.06,-19.57
19.57,3.09
3.09,19.57
-19.57,3.09
3.09,-19.57
19.57,-3.09
-3.09,19.57
-19.57,-3.09
-3.09,-19.57
19.57,4.12
4.12,19.57
-19.57,4.12
4.12,-19.57
19.57,-4.12
-4.12,19.57
-19.57,-4.12
-4.12,-19.57
19.57,5.15
5.15,19.57
-19.57,5.15
5.15,-19.57
19.57,-5.15
-5.15,19.57
-19.57,-5.15
-5.15,-19.57
19.57,6.18
6.18,19.57
-19.57,6.18
6.18,-19.57
19.57,-6.18
-6.18,19.57
-19.57,-6.18
-6.18,-19.57
19.57,7.21
7.21,19.57
-19.57,7.21
7.21,-19.57
19.57,-7.21
-7.21,19.57
-19.57,-7.21
-7.21,-19.57
19.57,8.24
8.24,19.57
-19.57,8.24
8.24,-19.57
19.57,-8.24
-8.24,19.57
-19.57,-8.24
-8.24,-19.57
19.57,9.27
9.27,19.57
-19.57,9.27
9.27,-19.57
19.57,-9.27
-9.27,19.57
-19.57,-9.27
-9.27,-19.57
19.57,10.3
10.3,19.57
-19.57,10.3
10.3,-19.57
19.57,-10.3
-10.3,19.57
-19.57,-10.3
-10.3,-19.57
19.57,11.33
11.33,19.57
-19.57,11.33
11.33,-19.57
19.57,-11.33
-11.33,19.57
-19.57,-11.33
-11.33,-19.57
19.57,12.36
12.36,19.57
-19.57,12.36
12.36,-19.57
19.57,-12.36
-12.36,19.57
-19.57,-12.36
-12.36,-19.57
19.57,13.39
13.39,19.57
-19.57,13.39
13.39,-19.57
19.57,-13.39
-13.39,19.57
-19.57,-13.39
-13.39,-19.57
19.57,14.42
14.42,19.57
-19.57,14.42
14.42,-19.57
19.57,-14.42
-14.42,19.57
-19.57,-14.42
-14.42,-19.57
19.57,15.45
15.45,19.57
-19.57,15.45
15.45,-19.57
19.57,-15.45
-15.45,19.57
-19.57,-15.45
-15.45,-19.57
19.57,16.48
16.48,19.57
-19.57,16.48
16.48,-19.57
19.57,-16.48
-16.48,19.57
-19.57,-16.48
-16.48,-19.57
19.57,17.51
17.51,19.57
-19.57,17.51
17.51,-19.57
19.57,-17.51
-17.51,19.57
-19.57,-17.51
-17.51,-19.57
19.57,18.54
18.54,19.57
-19.57,18.54
18.54,-19.57
19.57,-18.54
-18.54,19.57
-19.57,-18.54
-18.54,-19.57
19.57,19.57
-19.57,-19.57
-19.57,19.57
19.57,-19.57
20.6,0
0,20.6
-20.6,0
0,-20.6
20.6,1.03
1.03,20.6
-20.6,1.03
1.03,-20.6
20.6,-1.03
-1.03,20.6
-20.6,-1.03
-1.03,-20.6
20.6,2.06
2.06,20.6
-20.6,2.06
2.06,-20.6
20.6,-2.06
-2.06,20.6
-20.6,-2.06
-2.06,-20.6
20.6,3.09
3.09,20.6
-20.6,3.09
3.09,-20.6
20.6,-3.09
-3.09,20.6
-20.6,-3.09
-3.09,-20.6
20.6,4.12
4.12,20.6
-20.6,4.12
4.12,-20.6
20.6,-4.12
-4.12,20.6
-20.6,-4.12
-4.12,-20.6
20.6,5.15
5.15,20.6
-20.6,5.15
5.15,-20.6
20.6,-5.15
-5.15,20.6
-20.6,-5.15
-5.15,-20.6
20.6,6.18
6.18,20.6
-20.6,6.18
6.18,-20.6
20.6,-6.18
-6.18,20.6
-20.6,-6.18
-6.18,-20.6
20.6,7.21
7.21,20.6
-20.6,7.21
7.21,-20.6
20.6,-7.21
-7.21,20.6
-20.6,-7.21
-7.21,-20.6
20.6,8.24
8.24,20.6
-20.6,8.24
8.24,-20.6
20.6,-8.24
-8.24,20.6
-20.6,-8.24
-8.24,-20.6
20.6,9.27
9.27,20.6
-20.6,9.27
9.27,-20.6
20.6,-9.27
-9.27,20.6
-20.6,-9.27
-9.27,-20.6
20.6,10.3
10.3,20.6
-20.6,10.3
10.3,-20.6
20.6,-10.3
-10.3,20.6
-20.6,-10.3
-10.3,-20.6
20.6,11.33
11.33,20.6
-20.6,11.33
11.33,-20.6
20.6,-11.33
-11.33,20.6
-20.6,-11.33
-11.33,-20.6
20.6,12.36
12.36,20.6
-20.6,12.36
12.36,-20.6
20.6,-12.36
-12.36,20.6
-20.6,-12.36
-12.36,-20.6
20.6,13.39
13.39,20.6
-20.6,13.39
13.39,-20.6
20.6,-13.39
-13.39,20.6
-20.6,-13.39
-13.39,-20.6
20.6,14.42
14.42,20.6
-20.6,14.42
14.42,-20.6
20.6,-14.42
-14.42,20.6
-20.6,-14.42
-14.42,-20.6
20.6,15.45
15.45,20.6
-20.6,15.45
15.45,-20.6
20.6,-15.45
-15.45,20.6
-20.6,-15.45
-15.45,-20.6
20.6,16.48
16.48,20.6
-20.6,16.48
16.48,-20.6
20.6,-16.48
-16.48,20.6
-20.6,-16.48
-16.48,-20.6
20.6,17.51
17.51,20.6
-20.6,17.51
17.51,-20.6
20.6,-17.51
-17.51,20.6
-20.6,-17.51
-17.51,-20.6
20.6,18.54
18.54,20.6
-20.6,18.54
18.54,-20.6
20.6,-18.54
-18.54,20.6
-20.6,-18.54
-18.54,-20.6
21.63,0
0,21.63
-21.63,0
0,-21.63
21.63,1.03
1.03,21.63
-21.63,1.03
1.03,-21.63
21.63,-1.03
-1.03,21.63
-21.63,-1.03
-1.03,-21.63
21.63,2.06
2.06,21.63
-21.63,2.06
2.06,-21.63
21.63,-2.06
-2.06,21.63
-21.63,-2.06
-2.06,-21.63
21.63,3.09
3.09,21.63
-21.63,3.09
3.09,-21.63
21.63,-3.09
-3.09,21.63
-21.63,-3.09
-3.09,-21.63
21.63,4.12
4.12,21.63
-21.63,4.12
4.12,-21.63
21.63,-4.12
-4.12,21.63
-21.63,-4.12
-4.12,-21.63
21.63,5.15
5.15,21.63
-21.63,5.15
5.15,-21.63
21.63,-5.15
-5.15,21.63
-21.63,-5.15
-5.15,-21.63
21.63,6.18
6.18,21.63
-21.63,6.18
6.18,-21.63
21.63,-6.18
-6.18,21.63
-21.63,-6.18
-6.18,-21.63
21.63,7.21
7.21,21.63
-21.63,7.21
7.21,-21.63
21.63,-7.21
-7.21,21.63
-21.63,-7.21
-7.21,-21.63
21.63,8.24
8.24,21.63
-21.63,8.24
8.24,-21.63
21.63,-8.24
-8.24,21.63
-21.63,-8.24
-8.24,-21.63
21.63,9.27
9.27,21.63
-21.63,9.27
9.27,-21.63
21.63,-9.27
-9.27,21.63
-21.63,-9.27
-9.27,-21.63
21.63,10.3
10.3,21.63
-21.63,10.3
10.3,-21.63
21.63,-10.3
-10.3,21.63
-21.63,-10.3
-10.3,-21.63
21.63,11.33
11.33,21.63
-21.63,11.33
11.33,-21.63
21.63,-11.33
-11.33,21.63
-21.63,-11.33
-11.33,-21.63
21.63,12.36
12.36,21.63
-21.63,12.36
12.36,-21.63
21.63,-12.36
-12.36,21.63
-21.63,-12.36
-12.36,-21.63
21.63,13.39
13.39,21.63
-21.63,13.39
13.39,-21.63
21.63,-13.39
-13.39,21.63
-21.63,-13.39
-13.39,-21.63
21.63,14.42
14.42,21.63
-21.63,14.42
14.42,-21.63
21.63,-14.42
-14.42,21.63
-21.63,-14.42
-14.42,-21.63
21.63,15.45
15.45,21.63
-21.63,15.45
15.45,-21.63
21.63,-15.45
-15.45,21.63
-21.63,-15.45
-15.45,-21.63
21.63,16.48
16.48,21.63
-21.63,16.48
16.48,-21.63
21.63,-16.48
-16.48,21.63
-21.63,-16.48
-16.48,-21.63
21.63,17.51
17.51,21.63
-21.63,17.51
17.51,-21.63
21.63,-17.51
-17.51,21.63
-21.63,-17.51
-17.51,-21.63
22.66,0
0,22.66
-22.66,0
0,-22.66
22.66,1.03
1.03,22.66
-22.66,1.03
1.03,-22.66
22.66,-1.03
-1.03,22.66
-22.66,-1.03
-1.03,-22.66
22.66,2.06
2.06,22.66
-22.66,2.06
2.06,-22.66
22.66,-2.06
-2.06,22.66
-22.66,-2.06
-2.06,-22.66
22.66,3.09
3.09,22.66
-22.66,3.09
3.09,-22.66
22.66,-3.09
-3.09,22.66
-22.66,-3.09
-3.09,-22.66
22.66,4.12
4.12,22.66
-22.66,4.12
4.12,-22.66
22.66,-4.12
-4.12,22.66
-22.66,-4.12
-4.12,-22.66
22.66,5.15
5.15,22.66
-22.66,5.15
5.15,-22.66
22.66,-5.15
-5.15,22.66
-22.66,-5.15
-5.15,-22.66
22.66,6.18
6.18,22.66
-22.66,6.18
6.18,-22.66
22.66,-6.18
-6.18,22.66
-22.66,-6.18
-6.18,-22.66
22.66,7.21
7.21,22.66
-22.66,7.21
7.21,-22.66
22.66,-7.21
-7.21,22.66
-22.66,-7.21
-7.21,-22.66
22.66,8.24
8.24,22.66
-22.66,8.24
8.24,-22.66
22.66,-8.24
-8.24,22.66
-22.66,-8.24
-8.24,-22.66
22.66,9.27
9.27,22.66
-22.66,9.27
9.27,-22.66
22.66,-9.27
-9.27,22.66
-22.66,-9.27
-9.27,-22.66
22.66,10.3
10.3,22.66
-22.66,10.3
10.3,-22.66
22.66,-10.3
-10.3,22.66
-22.66,-10.3
-10.3,-22.66
22.66,11.33
11.33,22.66
-22.66,11.33
11.33,-22.66
22.66,-11.33
-11.33,22.66
-22.66,-11.33
-11.33,-22.66
22.66,12.36
12.36,22.66
-22.66,12.36
12.36,-22.66
22.66,-12.36
-12.36,22.66
-22.66,-12.36
-12.36,-22.66
22.66,13.39
13.39,22.66
-22.66,13.39
13.39,-22.66
22.66,-13.39
-13.39,22.66
-22.66,-13.39
-13.39,-22.66
22.66,14.42
14.42,22.66
-22.66,14.42
14.42,-22.66
22.66,-14.42
-14.42,22.66
-22.66,-14.42
-14.42,-22.66
22.66,15.45
15.45,22.66
-22.66,15.45
15.45,-22.66
22.66,-15.45
-15.45,22.66
-22.66,-15.45
-15.45,-22.66
22.66,16.48
16.48,22.66
-22.66,16.48
16.48,-22.66
22.66,-16.48
-16.48,22.66
-22.66,-16.48
-16.48,-22.66
23.69,0
0,23.69
-23.69,0
0,-23.69
23.69,1.03
1.03,23.69
-23.69,1.03
1.03,-23.69
23.69,-1.03
-1.03,23.69
-23.69,-1.03
-1.03,-23.69
23.69,2.06
2.06,23.69
-23.69,2.06
2.06,-23.69
23.69,-2.06
-2.06,23.69
-23.69,-2.06
-2.06,-23.69
23.69,3.09
3.09,23.69
-23.69,3.09
3.09,-23.69
23.69,-3.09
-3.09,23.69
-23.69,-3.09
-3.09,-23.69
23.69,4.12
4.12,23.69
-23.69,4.12
4.12,-23.69
23.69,-4.12
-4.12,23.69
-23.69,-4.12
-4.12,-23.69
23.69,5.15
5.15,23.69
-23.69,5.15
5.15,-23.69
23.69,-5.15
-5.15,23.69
-23.69,-5.15
-5.15,-23.69
23.69,6.18
6.18,23.69
-23.69,6.18
6.18,-23.69
23.69,-6.18
-6.18,23.69
-23.69,-6.18
-6.18,-23.69
23.69,7.21
7.21,23.69
-23.69,7.21
7.21,-23.69
23.69,-7.21
-7.21,23.69
-23.69,-7.21
-7.21,-23.69
23.69,8.24
8.24,23.69
-23.69,8.24
8.24,-23.69
23.69,-8.24
-8.24,23.69
-23.69,-8.24
-8.24,-23.69
23.69,9.27
9.27,23.69
-23.69,9.27
9.27,-23.69
23.69,-9.27
-9.27,23.69
-23.69,-9.27
-9.27,-23.69
23.69,10.3
10.3,23.69
-23.69,10.3
10.3,-23.69
23.69,-10.3
-10.3,23.69
-23.69,-10.3
-10.3,-23.69
23.69,11.33
11.33,23.69
-23.69,11.33
11.33,-23.69
23.69,-11.33
-11.33,23.69
-23.69,-11.33
-11.33,-23.69
23.69,12.36
12.36,23.69
-23.69,12.36
12.36,-23.69
23.69,-12.36
-12.36,23.69
-23.69,-12.36
-12.36,-23.69
23.69,13.39
13.39,23.69
-23.69,13.39
13.39,-23.69
23.69,-13.39
-13.39,23.69
-23.69,-13.39
-13.39,-23.69
23.69,14.42
14.42,23.69
-23.69,14.42
14.42,-23.69
23.69,-14.42
-14.42,23.69
-23.69,-14.42
-14.42,-23.69
24.72,0
0,24.72
-24.72,0
0,-24.72
24.72,1.03
1.03,24.72
-24.72,1.03
1.03,-24.72
24.72,-1.03
-1.03,24.72
-24.72,-1.03
-1.03,-24.72
24.72,2.06
2.06,24.72
-24.72,2.06
2.06,-24.72
24.72,-2.06
-2.06,24.72
-24.72,-2.06
-2.06,-24.72
24.72,3.09
3.09,24.72
-24.72,3.09
3.09,-24.72
24.72,-3.09
-3.09,24.72
-24.72,-3.09
-3.09,-24.72
24.72,4.12
4.12,24.72
-24.72,4.12
4.12,-24.72
24.72,-4.12
-4.12,24.72
-24.72,-4.12
-4.12,-24.72
24.72,5.15
5.15,24.72
-24.72,5.15
5.15,-24.72
24.72,-5.15
-5.15,24.72
-24.72,-5.15
-5.15,-24.72
24.72,6.18
6.18,24.72
-24.72,6.18
6.18,-24.72
24.72,-6.18
-6.18,24.72
-24.72,-6.18
-6.18,-24.72
24.72,7.21
7.21,24.72
-24.72,7.21
7.21,-24.72
24.72,-7.21
-7.21,24.72
-24.72,-7.21
-7.21,-24.72
24.72,8.24
8.24,24.72
-24.72,8.24
8.24,-24.72
24.72,-8.24
-8.24,24.72
-24.72,-8.24
-8.24,-24.72
24.72,9.27
9.27,24.72
-24.72,9.27
9.27,-24.72
24.72,-9.27
-9.27,24.72
-24.72,-9.27
-9.27,-24.72
24.72,10.3
10.3,24.72
-24.72,10.3
10.3,-24.72
24.72,-10.3
-10.3,24.72
-24.72,-10.3
-10.3,-24.72
24.72,11.33
11.33,24.72
-24.72,11.33
11.33,-24.72
24.72,-11.33
-11.33,24.72
-24.72,-11.33
-11.33,-24.72
24.72,12.36
12.36,24.72
-24.72,12.36
12.36,-24.72
24.72,-12.36
-12.36,24.72
-24.72,-12.36
-12.36,-24.72
25.75,0
0,25.75
-25.75,0
0,-25.75
25.75,1.03
1.03,25.75
-25.75,1.03
1.03,-25.75
25.75,-1.03
-1.03,25.75
-25.75,-1.03
-1.03,-25.75
25.75,2.06
2.06,25.75
-25.75,2.06
2.06,-25.75
25.75,-2.06
-2.06,25.75
-25.75,-2.06
-2.06,-25.75
25.75,3.09
3.09,25.75
-25.75,3.09
3.09,-25.75
25.75,-3.09
-3.09,25.75
-25.75,-3.09
-3.09,-25.75
25.75,4.12
4.12,25.75
-25.75,4.12
4.12,-25.75
25.75,-4.12
-4.12,25.75
-25.75,-4.12
-4.12,-25.75
25.75,5.15
5.15,25.75
-25.75,5.15
5.15,-25.75
25.75,-5.15
-5.15,25.75
-25.75,-5.15
-5.15,-25.75
25.75,6.18
6.18,25.75
-25.75,6.18
6.18,-25.75
25.75,-6.18
-6.18,25.75
-25.75,-6.18
-6.18,-25.75
25.75,7.21
7.21,25.75
-25.75,7.21
7.21,-25.75
25.75,-7.21
-7.21,25.75
-25.75,-7.21
-7.21,-25.75
25.75,8.24
8.24,25.75
-25.75,8.24
8.24,-25.75
25.75,-8.24
-8.24,25.75
-25.75,-8.24
-8.24,-25.75
25.75,9.27
9.27,25.75
-25.75,9.27
9.27,-25.75
25.75,-9.27
-9.27,25.75
-25.75,-9.27
-9.27,-25.75
25.75,10.3
10.3,25.75
-25.75,10.3
10.3,-25.75
25.75,-10.3
-10.3,25.75
-25.75,-10.3
-10.3,-25.75
26.78,0
0,26.78
-26.78,0
0,-26.78
26.78,1.03
1.03,26.78
-26.78,1.03
1.03,-26.78
26.78,-1.03
-1.03,26.78
-26.78,-1.03
-1.03,-26.78
26.78,2.06
2.06,26.78
-26.78,2.06
2.06,-26.78
26.78,-2.06
-2.06,26.78
-26.78,-2.06
-2.06,-26.78
26.78,3.09
3.09,26.78
-26.78,3.09
3.09,-26.78
26.78,-3.09
-3.09,26.78
-26.78,-3.09
-3.09,-26.78
26.78,4.12
4.12,26.78
-26.78,4.12
4.12,-26.78
26.78,-4.12
-4.12,26.78
-26.78,-4.12
-4.12,-26.78
26.78,5.15
5.15,26.78
-26.78,5.15
5.15,-26.78
26.78,-5.15
-5.15,26.78
-26.78,-5.15
-5.15,-26.78
26.78,6.18
6.18,26.78
-26.78,6.18
6.18,-26.78
26.78,-6.18
-6.18,26.78
-26.78,-6.18
-6.18,-26.78
26.78,7.21
7.21,26.78
-26.78,7.21
7.21,-26.78
26.78,-7.21
-7.21,26.78
-26.78,-7.21
-7.21,-26.78
26.78,8.24
8.24,26.78
-26.78,8.24
8.24,-26.78
26.78,-8.24
-8.24,26.78
-26.78,-8.24
-8.24,-26.78
27.81,0
0,27.81
-27.81,0
0,-27.81
27.81,1.03
1.03,27.81
-27.81,1.03
1.03,-27.81
27.81,-1.03
-1.03,27.81
-27.81,-1.03
-1.03,-27.81
27.81,2.06
2.06,27.81
-27.81,2.06
2.06,-27.81
27.81,-2.06
-2.06,27.81
-27.81,-2.06
-2.06,-27.81
27.81,3.09
3.09,27.81
-27.81,3.09
3.09,-27.81
27.81,-3.09
-3.09,27.81
-27.81,-3.09
-3.09,-27.81
27.81,4.12
4.12,27.81
-27.81,4.12
4.12,-27.81
27.81,-4.12
-4.12,27.81
-27.81,-4.12
-4.12,-27.81
